{
	"class_name" : "PinholeCameraParameters",
	"extrinsic" : 
	[
		0.9998755 ,
		0.00132761,
		-0.01572299,
		0.0,
		-0.00479105,
		0.97495385,
		-0.22235568,
		0.0,
		0.01503399,
		0.22240332,
		0.97483883,
		0.0,
		-0.00961372,
		-0.02065881,
		-0.02690181,
		1.0
	],
	"intrinsic" : 
	{
		"height" : 720,
		"intrinsic_matrix" : 
		[
			908.45373535,
			0.0,
			0.0,
			0.0,
			908.45037842,
			0.0,
			633.98815918,
			373.45709229,
			1.0
		],
		"width" : 1280
	},
	"version_major" : 1,
	"version_minor" : 0
}